{
  "incumbent_ids": [
    5
  ],
  "rejected_config_ids": [
    1,
    2,
    3
  ],
  "incumbents_changed": 4,
  "trajectory": [
    {
      "config_ids": [
        1
      ],
      "costs": [
        496.0
      ],
      "trial": 1,
      "walltime": 1.3979997634887695
    },
    {
      "config_ids": [
        2
      ],
      "costs": [
        272.0
      ],
      "trial": 4,
      "walltime": 4.056317329406738
    },
    {
      "config_ids": [
        3
      ],
      "costs": [
        241.66666666666666
      ],
      "trial": 8,
      "walltime": 7.685434579849243
    },
    {
      "config_ids": [
        5
      ],
      "costs": [
        156.0
      ],
      "trial": 14,
      "walltime": 13.310782432556152
    }
  ],
  "state": {
    "queue": []
  }
}